,integral
diagram_1.png,A
diagram_10.png,B
diagram_100.png,C
diagram_101.png,B
diagram_102.png,B
diagram_103.png,A
diagram_104.png,D
diagram_105.png,C
diagram_106.png,B
diagram_107.png,D
diagram_108.png,A
diagram_109.png,A
diagram_11.png,B
diagram_110.png,B
diagram_111.png,A
diagram_112.png,A
diagram_113.png,D
diagram_114.png,A
diagram_115.png,A
diagram_116.png,C
diagram_117.png,A
diagram_118.png,A
diagram_119.png,B
diagram_12.png,A
diagram_120.png,A
diagram_121.png,D
diagram_122.png,C
diagram_123.png,C
diagram_124.png,A
diagram_125.png,A
diagram_126.png,D
diagram_127.png,D
diagram_128.png,A
diagram_129.png,A
diagram_13.png,A
diagram_130.png,A
diagram_131.png,D
diagram_132.png,B
diagram_133.png,A
diagram_134.png,D
diagram_135.png,D
diagram_136.png,D
diagram_137.png,A
diagram_138.png,D
diagram_139.png,B
diagram_14.png,C
diagram_140.png,B
diagram_141.png,D
diagram_142.png,B
diagram_143.png,D
diagram_144.png,C
diagram_145.png,B
diagram_146.png,B
diagram_147.png,B
diagram_148.png,C
diagram_149.png,A
diagram_15.png,A
diagram_150.png,B
diagram_151.png,D
diagram_152.png,D
diagram_153.png,B
diagram_154.png,C
diagram_155.png,C
diagram_156.png,A
diagram_157.png,A
diagram_158.png,D
diagram_159.png,D
diagram_16.png,A
diagram_160.png,C
diagram_161.png,B
diagram_162.png,C
diagram_163.png,D
diagram_164.png,B
diagram_165.png,C
diagram_166.png,C
diagram_167.png,D
diagram_168.png,B
diagram_169.png,D
diagram_170.png,A
diagram_171.png,B
diagram_172.png,D
diagram_173.png,C
diagram_174.png,A
diagram_175.png,C
diagram_176.png,C
diagram_177.png,C
diagram_178.png,A
diagram_179.png,C
diagram_18.png,B
diagram_180.png,C
diagram_181.png,B
diagram_182.png,B
diagram_183.png,A
diagram_184.png,B
diagram_185.png,B
diagram_186.png,D
diagram_187.png,C
diagram_188.png,A
diagram_189.png,D
diagram_19.png,A
diagram_190.png,B
diagram_191.png,C
diagram_192.png,C
diagram_193.png,C
diagram_194.png,C
diagram_195.png,D
diagram_196.png,C
diagram_197.png,A
diagram_198.png,A
diagram_199.png,D
diagram_2.png,B
diagram_20.png,C
diagram_200.png,B
diagram_201.png,D
diagram_202.png,A
diagram_203.png,B
diagram_204.png,A
diagram_205.png,B
diagram_206.png,C
diagram_207.png,B
diagram_208.png,D
diagram_209.png,A
diagram_21.png,A
diagram_210.png,A
diagram_211.png,C
diagram_212.png,C
diagram_213.png,D
diagram_214.png,C
diagram_215.png,A
diagram_216.png,A
diagram_217.png,D
diagram_218.png,C
diagram_219.png,B
diagram_22.png,A
diagram_220.png,B
diagram_221.png,B
diagram_222.png,B
diagram_223.png,C
diagram_224.png,B
diagram_225.png,C
diagram_226.png,A
diagram_227.png,B
diagram_228.png,B
diagram_229.png,B
diagram_23.png,B
diagram_230.png,D
diagram_231.png,D
diagram_232.png,D
diagram_233.png,B
diagram_234.png,A
diagram_235.png,A
diagram_236.png,A
diagram_237.png,A
diagram_238.png,A
diagram_239.png,D
diagram_24.png,D
diagram_240.png,D
diagram_241.png,D
diagram_242.png,D
diagram_243.png,D
diagram_244.png,C
diagram_245.png,C
diagram_246.png,C
diagram_247.png,A
diagram_248.png,B
diagram_249.png,D
diagram_25.png,C
diagram_250.png,A
diagram_251.png,B
diagram_252.png,D
diagram_253.png,D
diagram_254.png,D
diagram_255.png,C
diagram_256.png,A
diagram_257.png,D
diagram_258.png,C
diagram_259.png,A
diagram_26.png,A
diagram_260.png,C
diagram_261.png,A
diagram_262.png,A
diagram_263.png,A
diagram_264.png,B
diagram_265.png,C
diagram_266.png,D
diagram_267.png,C
diagram_268.png,D
diagram_269.png,D
diagram_27.png,D
diagram_270.png,A
diagram_271.png,B
diagram_272.png,C
diagram_273.png,A
diagram_274.png,A
diagram_275.png,C
diagram_276.png,C
diagram_277.png,B
diagram_278.png,D
diagram_279.png,D
diagram_28.png,D
diagram_280.png,C
diagram_281.png,C
diagram_282.png,B
diagram_283.png,D
diagram_284.png,A
diagram_285.png,B
diagram_286.png,B
diagram_287.png,D
diagram_288.png,B
diagram_289.png,A
diagram_29.png,B
diagram_290.png,D
diagram_291.png,B
diagram_292.png,D
diagram_293.png,C
diagram_294.png,B
diagram_295.png,C
diagram_296.png,B
diagram_297.png,C
diagram_298.png,D
diagram_299.png,D
diagram_3.png,D
diagram_30.png,C
diagram_300.png,D
diagram_301.png,D
diagram_302.png,C
diagram_303.png,B
diagram_304.png,B
diagram_305.png,D
diagram_306.png,B
diagram_307.png,A
diagram_308.png,A
diagram_309.png,B
diagram_31.png,C
diagram_310.png,D
diagram_311.png,D
diagram_312.png,C
diagram_313.png,B
diagram_314.png,A
diagram_315.png,B
diagram_316.png,B
diagram_317.png,B
diagram_318.png,A
diagram_319.png,A
diagram_32.png,D
diagram_320.png,B
diagram_321.png,D
diagram_322.png,B
diagram_323.png,A
diagram_33.png,A
diagram_34.png,A
diagram_35.png,A
diagram_36.png,C
diagram_37.png,B
diagram_38.png,B
diagram_39.png,D
diagram_4.png,C
diagram_40.png,A
diagram_41.png,C
diagram_42.png,D
diagram_43.png,B
diagram_44.png,D
diagram_45.png,C
diagram_46.png,B
diagram_47.png,C
diagram_48.png,A
diagram_49.png,B
diagram_5.png,C
diagram_50.png,C
diagram_51.png,C
diagram_52.png,C
diagram_53.png,A
diagram_54.png,B
diagram_55.png,B
diagram_56.png,D
diagram_57.png,C
diagram_58.png,C
diagram_59.png,A
diagram_6.png,B
diagram_60.png,A
diagram_61.png,B
diagram_62.png,B
diagram_63.png,B
diagram_64.png,C
diagram_65.png,B
diagram_66.png,D
diagram_67.png,A
diagram_68.png,B
diagram_69.png,C
diagram_7.png,B
diagram_70.png,A
diagram_71.png,C
diagram_72.png,B
diagram_73.png,A
diagram_74.png,B
diagram_75.png,C
diagram_76.png,C
diagram_77.png,B
diagram_78.png,C
diagram_79.png,D
diagram_8.png,A
diagram_80.png,D
diagram_81.png,A
diagram_82.png,C
diagram_83.png,B
diagram_84.png,B
diagram_85.png,B
diagram_86.png,A
diagram_87.png,A
diagram_88.png,A
diagram_89.png,A
diagram_9.png,C
diagram_90.png,C
diagram_91.png,A
diagram_92.png,D
diagram_93.png,C
diagram_94.png,B
diagram_95.png,C
diagram_96.png,A
diagram_97.png,A
diagram_98.png,B
diagram_99.png,B
