,image,text
0,Phase_diagram_of_water_simplified.svg.png,What is the content of this image?
1,Phase_diagram_of_water_simplified.svg.png,Does this image show a Feynman diagram(s)?
2,Venn_diagram_gr_la_ru.svg.png,What is the content of this image?
3,Venn_diagram_gr_la_ru.svg.png,Does this image show a Feynman diagram(s)?
4,structure3.jpg,What is the content of this image?
5,structure3.jpg,Does this image show a Feynman diagram(s)?
6,ziggurat2.jpg,What is the content of this image?
7,ziggurat2.jpg,Does this image show a Feynman diagram(s)?
8,VarPrincHamilton.jpg,What is the content of this image?
9,VarPrincHamilton.jpg,Does this image show a Feynman diagram(s)?
10,cxn_HH.jpg,What is the content of this image?
11,cxn_HH.jpg,Does this image show a Feynman diagram(s)?
12,algorithm.jpg,What is the content of this image?
13,algorithm.jpg,Does this image show a Feynman diagram(s)?
14,sunset-tad.jpg,What is the content of this image?
15,sunset-tad.jpg,Does this image show a Feynman diagram(s)?
16,Tensor_train.png,What is the content of this image?
17,Tensor_train.png,Does this image show a Feynman diagram(s)?
18,ud_udg_eta_pt_min_w02000GeV_ptl020GeV_pth200GeV.jpg,What is the content of this image?
19,ud_udg_eta_pt_min_w02000GeV_ptl020GeV_pth200GeV.jpg,Does this image show a Feynman diagram(s)?
20,Penrose_covariant_derivate.svg.png,What is the content of this image?
21,Penrose_covariant_derivate.svg.png,Does this image show a Feynman diagram(s)?
22,Jablonski_Diagram_of_Fluorescence_Only-en.svg.png,What is the content of this image?
23,Jablonski_Diagram_of_Fluorescence_Only-en.svg.png,Does this image show a Feynman diagram(s)?
24,Screenshot 2024-02-28 at 8.58.56 PM.png,What is the content of this image?
25,Screenshot 2024-02-28 at 8.58.56 PM.png,Does this image show a Feynman diagram(s)?
26,spectrum-1.jpg,What is the content of this image?
27,spectrum-1.jpg,Does this image show a Feynman diagram(s)?
28,2560px-Matrix_product_state_obc_tikz.svg.png,What is the content of this image?
29,2560px-Matrix_product_state_obc_tikz.svg.png,Does this image show a Feynman diagram(s)?
30,Valence8_ZD_integrability.jpg,What is the content of this image?
31,Valence8_ZD_integrability.jpg,Does this image show a Feynman diagram(s)?
32,2560px-Edwards-Venn-five.svg.png,What is the content of this image?
33,2560px-Edwards-Venn-five.svg.png,Does this image show a Feynman diagram(s)?
34,M_loom.jpg,What is the content of this image?
35,M_loom.jpg,Does this image show a Feynman diagram(s)?
36,AdSRindlerTensorNetwork.jpg,What is the content of this image?
37,AdSRindlerTensorNetwork.jpg,Does this image show a Feynman diagram(s)?
38,strange_content_comparison.jpg,What is the content of this image?
39,strange_content_comparison.jpg,Does this image show a Feynman diagram(s)?
40,TensorNetworkStateFromMetricLieAlgebra.jpg,What is the content of this image?
41,TensorNetworkStateFromMetricLieAlgebra.jpg,Does this image show a Feynman diagram(s)?
42,M_tauc_14.jpg,What is the content of this image?
43,M_tauc_14.jpg,Does this image show a Feynman diagram(s)?
44,Zamolod_STR.jpg,What is the content of this image?
45,Zamolod_STR.jpg,Does this image show a Feynman diagram(s)?
46,DeltasPwaveCO.jpg,What is the content of this image?
47,DeltasPwaveCO.jpg,Does this image show a Feynman diagram(s)?
48,relativity_penrose_diagram-001.png,What is the content of this image?
49,relativity_penrose_diagram-001.png,Does this image show a Feynman diagram(s)?
50,threedisks.jpg,What is the content of this image?
51,threedisks.jpg,Does this image show a Feynman diagram(s)?
52,Sphere.jpg,What is the content of this image?
53,Sphere.jpg,Does this image show a Feynman diagram(s)?
54,JablonskiSimple.png,What is the content of this image?
55,JablonskiSimple.png,Does this image show a Feynman diagram(s)?
56,Penrose_ricci_identity.svg.png,What is the content of this image?
57,Penrose_ricci_identity.svg.png,Does this image show a Feynman diagram(s)?
58,Third_order_pole_network.jpg,What is the content of this image?
59,Third_order_pole_network.jpg,Does this image show a Feynman diagram(s)?
60,defo.jpg,What is the content of this image?
61,defo.jpg,Does this image show a Feynman diagram(s)?
62,relativity_penrose_diagram-008.png,What is the content of this image?
63,relativity_penrose_diagram-008.png,Does this image show a Feynman diagram(s)?
64,DeltaBend.jpg,What is the content of this image?
65,DeltaBend.jpg,Does this image show a Feynman diagram(s)?
66,Polygon_of_forces.png,What is the content of this image?
67,Polygon_of_forces.png,Does this image show a Feynman diagram(s)?
68,penrose_schw.gif,What is the content of this image?
69,penrose_schw.gif,Does this image show a Feynman diagram(s)?
70,14235.jpg,What is the content of this image?
71,14235.jpg,Does this image show a Feynman diagram(s)?
72,WF2-mu.jpg,What is the content of this image?
73,WF2-mu.jpg,Does this image show a Feynman diagram(s)?
74,Tadpole_Y.jpg,What is the content of this image?
75,Tadpole_Y.jpg,Does this image show a Feynman diagram(s)?
76,WedgeQuartic1.jpg,What is the content of this image?
77,WedgeQuartic1.jpg,Does this image show a Feynman diagram(s)?
78,sPHENIX.jpg,What is the content of this image?
79,sPHENIX.jpg,Does this image show a Feynman diagram(s)?
80,Gibbs_triangle-ternary_plot.jpg,What is the content of this image?
81,Gibbs_triangle-ternary_plot.jpg,Does this image show a Feynman diagram(s)?
82,MassProof.jpg,What is the content of this image?
83,MassProof.jpg,Does this image show a Feynman diagram(s)?
84,800px-Free_body_diagram2.svg.png,What is the content of this image?
85,800px-Free_body_diagram2.svg.png,Does this image show a Feynman diagram(s)?
86,Rank4HyperbolicDynkins124-176bw.svg.png,What is the content of this image?
87,Rank4HyperbolicDynkins124-176bw.svg.png,Does this image show a Feynman diagram(s)?
88,skeleton_graph.jpg,What is the content of this image?
89,skeleton_graph.jpg,Does this image show a Feynman diagram(s)?
90,PVT_3D_diagram-en.svg.png,What is the content of this image?
91,PVT_3D_diagram-en.svg.png,Does this image show a Feynman diagram(s)?
92,Tensor_network_contraction_example.png,What is the content of this image?
93,Tensor_network_contraction_example.png,Does this image show a Feynman diagram(s)?
94,PnJunction-LED-E.svg.png,What is the content of this image?
95,PnJunction-LED-E.svg.png,Does this image show a Feynman diagram(s)?
96,1920px-Phase-diag2.svg.png,What is the content of this image?
97,1920px-Phase-diag2.svg.png,Does this image show a Feynman diagram(s)?
98,Circuit_diagram_–_pictorial_and_schematic.png,What is the content of this image?
99,Circuit_diagram_–_pictorial_and_schematic.png,Does this image show a Feynman diagram(s)?
100,deShyperboloid.jpg,What is the content of this image?
101,deShyperboloid.jpg,Does this image show a Feynman diagram(s)?
102,wa70.jpg,What is the content of this image?
103,wa70.jpg,Does this image show a Feynman diagram(s)?
104,main-window-1.jpg,What is the content of this image?
105,main-window-1.jpg,Does this image show a Feynman diagram(s)?
106,2560px-4_bit_counter.svg.png,What is the content of this image?
107,2560px-4_bit_counter.svg.png,Does this image show a Feynman diagram(s)?
108,Penrose_det_T.svg.png,What is the content of this image?
109,Penrose_det_T.svg.png,Does this image show a Feynman diagram(s)?
110,vaidya.jpg,What is the content of this image?
111,vaidya.jpg,Does this image show a Feynman diagram(s)?
112,TriangulationofPolygon.jpg,What is the content of this image?
113,TriangulationofPolygon.jpg,Does this image show a Feynman diagram(s)?
114,WH.jpg,What is the content of this image?
115,WH.jpg,Does this image show a Feynman diagram(s)?
116,PEPS.png,What is the content of this image?
117,PEPS.png,Does this image show a Feynman diagram(s)?
118,df2-npscale-gen-iiaa.jpg,What is the content of this image?
119,df2-npscale-gen-iiaa.jpg,Does this image show a Feynman diagram(s)?
120,Root_system_G2.svg.png,What is the content of this image?
121,Root_system_G2.svg.png,Does this image show a Feynman diagram(s)?
122,mass_scan_plot_V3_grid.jpg,What is the content of this image?
123,mass_scan_plot_V3_grid.jpg,Does this image show a Feynman diagram(s)?
124,su2_Fpi_F.jpg,What is the content of this image?
125,su2_Fpi_F.jpg,Does this image show a Feynman diagram(s)?
126,spiral.jpg,What is the content of this image?
127,spiral.jpg,Does this image show a Feynman diagram(s)?
128,Richard_Feynman_Nobel.jpg,What is the content of this image?
129,Richard_Feynman_Nobel.jpg,Does this image show a Feynman diagram(s)?
130,spinchain1.jpg,What is the content of this image?
131,spinchain1.jpg,Does this image show a Feynman diagram(s)?
132,1-7.png,What is the content of this image?
133,1-7.png,Does this image show a Feynman diagram(s)?
134,SwingleRenormalizationTensorNetwork.jpg,What is the content of this image?
135,SwingleRenormalizationTensorNetwork.jpg,Does this image show a Feynman diagram(s)?
136,UTFit.jpg,What is the content of this image?
137,UTFit.jpg,Does this image show a Feynman diagram(s)?
138,across-horizon-scattering-Fig2-v8.jpg,What is the content of this image?
139,across-horizon-scattering-Fig2-v8.jpg,Does this image show a Feynman diagram(s)?
140,Finite_Dynkin_diagrams.svg.png,What is the content of this image?
141,Finite_Dynkin_diagrams.svg.png,Does this image show a Feynman diagram(s)?
142,SPS1a.jpg,What is the content of this image?
143,SPS1a.jpg,Does this image show a Feynman diagram(s)?
144,Affine_Dynkin_diagrams.png,What is the content of this image?
145,Affine_Dynkin_diagrams.png,Does this image show a Feynman diagram(s)?
146,Penrose_g_ab_g^bc-d^c_a-g^cb_g_ba.svg.png,What is the content of this image?
147,Penrose_g_ab_g^bc-d^c_a-g^cb_g_ba.svg.png,Does this image show a Feynman diagram(s)?
148,Spinning_lattice.jpg,What is the content of this image?
149,Spinning_lattice.jpg,Does this image show a Feynman diagram(s)?
150,spectrum-flowchart.jpg,What is the content of this image?
151,spectrum-flowchart.jpg,Does this image show a Feynman diagram(s)?
152,xpatches.jpg,What is the content of this image?
153,xpatches.jpg,Does this image show a Feynman diagram(s)?
154,Vector_components.JPG,What is the content of this image?
155,Vector_components.JPG,Does this image show a Feynman diagram(s)?
156,Time-dilation-002-mod.svg.png,What is the content of this image?
157,Time-dilation-002-mod.svg.png,Does this image show a Feynman diagram(s)?
158,split.jpg,What is the content of this image?
159,split.jpg,Does this image show a Feynman diagram(s)?
160,How-to-Read-Schematics-SIMPLE-CIRCUIT.png,What is the content of this image?
161,How-to-Read-Schematics-SIMPLE-CIRCUIT.png,Does this image show a Feynman diagram(s)?
162,DESY-13-106_3.jpg,What is the content of this image?
163,DESY-13-106_3.jpg,Does this image show a Feynman diagram(s)?
164,System.jpg,What is the content of this image?
165,System.jpg,Does this image show a Feynman diagram(s)?
166,MatrixProductStateFromMetricLieAlgebra.jpg,What is the content of this image?
167,MatrixProductStateFromMetricLieAlgebra.jpg,Does this image show a Feynman diagram(s)?
168,relativity_penrose_diagram-003.png,What is the content of this image?
169,relativity_penrose_diagram-003.png,Does this image show a Feynman diagram(s)?
170,ZT4.jpg,What is the content of this image?
171,ZT4.jpg,Does this image show a Feynman diagram(s)?
172,main_proc.jpg,What is the content of this image?
173,main_proc.jpg,Does this image show a Feynman diagram(s)?
174,tau2mug.jpg,What is the content of this image?
175,tau2mug.jpg,Does this image show a Feynman diagram(s)?
176,ZprimeFeynDiag.jpg,What is the content of this image?
177,ZprimeFeynDiag.jpg,Does this image show a Feynman diagram(s)?
178,0_0_od.jpg,What is the content of this image?
179,0_0_od.jpg,Does this image show a Feynman diagram(s)?
180,dias.jpg,What is the content of this image?
181,dias.jpg,Does this image show a Feynman diagram(s)?
182,SqProd.jpg,What is the content of this image?
183,SqProd.jpg,Does this image show a Feynman diagram(s)?
184,CPT_vertex_correction2.jpg,What is the content of this image?
185,CPT_vertex_correction2.jpg,Does this image show a Feynman diagram(s)?
186,spin_connection1.jpg,What is the content of this image?
187,spin_connection1.jpg,Does this image show a Feynman diagram(s)?
188,treeleveldiagram.jpg,What is the content of this image?
189,treeleveldiagram.jpg,Does this image show a Feynman diagram(s)?
190,try1.jpg,What is the content of this image?
191,try1.jpg,Does this image show a Feynman diagram(s)?
192,actafig39.jpg,What is the content of this image?
193,actafig39.jpg,Does this image show a Feynman diagram(s)?
194,Untitledx.jpg,What is the content of this image?
195,Untitledx.jpg,Does this image show a Feynman diagram(s)?
196,M2bis.jpg,What is the content of this image?
197,M2bis.jpg,Does this image show a Feynman diagram(s)?
198,dg.jpg,What is the content of this image?
199,dg.jpg,Does this image show a Feynman diagram(s)?
200,TikzTest.jpg,What is the content of this image?
201,TikzTest.jpg,Does this image show a Feynman diagram(s)?
202,usedmomenta.jpg,What is the content of this image?
203,usedmomenta.jpg,Does this image show a Feynman diagram(s)?
204,D7.jpg,What is the content of this image?
205,D7.jpg,Does this image show a Feynman diagram(s)?
206,lv_2.jpg,What is the content of this image?
207,lv_2.jpg,Does this image show a Feynman diagram(s)?
208,wbf_tautau_diag.jpg,What is the content of this image?
209,wbf_tautau_diag.jpg,Does this image show a Feynman diagram(s)?
210,WH_lvbb_new.jpg,What is the content of this image?
211,WH_lvbb_new.jpg,Does this image show a Feynman diagram(s)?
212,AFF.jpg,What is the content of this image?
213,AFF.jpg,Does this image show a Feynman diagram(s)?
214,annihilationWW.jpg,What is the content of this image?
215,annihilationWW.jpg,Does this image show a Feynman diagram(s)?
216,wilsonloop.jpg,What is the content of this image?
217,wilsonloop.jpg,Does this image show a Feynman diagram(s)?
218,20161016-Fig1.jpg,What is the content of this image?
219,20161016-Fig1.jpg,Does this image show a Feynman diagram(s)?
220,Smuons.jpg,What is the content of this image?
221,Smuons.jpg,Does this image show a Feynman diagram(s)?
222,TOPQ-2015-01-fig_01.jpg,What is the content of this image?
223,TOPQ-2015-01-fig_01.jpg,Does this image show a Feynman diagram(s)?
224,twoLoopPlanGen.jpg,What is the content of this image?
225,twoLoopPlanGen.jpg,Does this image show a Feynman diagram(s)?
226,massless3pointf2.jpg,What is the content of this image?
227,massless3pointf2.jpg,Does this image show a Feynman diagram(s)?
228,doc2.jpg,What is the content of this image?
229,doc2.jpg,Does this image show a Feynman diagram(s)?
230,annih.jpg,What is the content of this image?
231,annih.jpg,Does this image show a Feynman diagram(s)?
232,WH_redraw.jpg,What is the content of this image?
233,WH_redraw.jpg,Does this image show a Feynman diagram(s)?
234,theoretical.jpg,What is the content of this image?
235,theoretical.jpg,Does this image show a Feynman diagram(s)?
236,singletop_t-ch_2to3.jpg,What is the content of this image?
237,singletop_t-ch_2to3.jpg,Does this image show a Feynman diagram(s)?
238,WheelwCT.jpg,What is the content of this image?
239,WheelwCT.jpg,Does this image show a Feynman diagram(s)?
240,zu3.jpg,What is the content of this image?
241,zu3.jpg,Does this image show a Feynman diagram(s)?
242,2-loop-Z3-based.jpg,What is the content of this image?
243,2-loop-Z3-based.jpg,Does this image show a Feynman diagram(s)?
244,Tblv.jpg,What is the content of this image?
245,Tblv.jpg,Does this image show a Feynman diagram(s)?
246,zy0_decayed.jpg,What is the content of this image?
247,zy0_decayed.jpg,Does this image show a Feynman diagram(s)?
248,tmass1.jpg,What is the content of this image?
249,tmass1.jpg,Does this image show a Feynman diagram(s)?
250,lrsm_feynman.jpg,What is the content of this image?
251,lrsm_feynman.jpg,Does this image show a Feynman diagram(s)?
252,30027f010_v2.jpg,What is the content of this image?
253,30027f010_v2.jpg,Does this image show a Feynman diagram(s)?
254,dilep_diag.jpg,What is the content of this image?
255,dilep_diag.jpg,Does this image show a Feynman diagram(s)?
256,m2.jpg,What is the content of this image?
257,m2.jpg,Does this image show a Feynman diagram(s)?
258,d10-181f2a.jpg,What is the content of this image?
259,d10-181f2a.jpg,Does this image show a Feynman diagram(s)?
260,Z4l.jpg,What is the content of this image?
261,Z4l.jpg,Does this image show a Feynman diagram(s)?
262,main-figure36.jpg,What is the content of this image?
263,main-figure36.jpg,Does this image show a Feynman diagram(s)?
264,Feynman_monoPh.jpg,What is the content of this image?
265,Feynman_monoPh.jpg,Does this image show a Feynman diagram(s)?
266,theta13_lfv_a.jpg,What is the content of this image?
267,theta13_lfv_a.jpg,Does this image show a Feynman diagram(s)?
268,WWfusion.jpg,What is the content of this image?
269,WWfusion.jpg,Does this image show a Feynman diagram(s)?
270,0n2bRH.jpg,What is the content of this image?
271,0n2bRH.jpg,Does this image show a Feynman diagram(s)?
272,wpm.jpg,What is the content of this image?
273,wpm.jpg,Does this image show a Feynman diagram(s)?
274,sl-sketch.jpg,What is the content of this image?
275,sl-sketch.jpg,Does this image show a Feynman diagram(s)?
276,Feynman_diagrams-figure1.jpg,What is the content of this image?
277,Feynman_diagrams-figure1.jpg,Does this image show a Feynman diagram(s)?
278,sjmueller_fig2.jpg,What is the content of this image?
279,sjmueller_fig2.jpg,Does this image show a Feynman diagram(s)?
280,Worldline_n.jpg,What is the content of this image?
281,Worldline_n.jpg,Does this image show a Feynman diagram(s)?
282,active-sterile.jpg,What is the content of this image?
283,active-sterile.jpg,Does this image show a Feynman diagram(s)?
284,1-loop.jpg,What is the content of this image?
285,1-loop.jpg,Does this image show a Feynman diagram(s)?
286,1-loop-Z2-based.jpg,What is the content of this image?
287,1-loop-Z2-based.jpg,Does this image show a Feynman diagram(s)?
288,M36vertices.jpg,What is the content of this image?
289,M36vertices.jpg,Does this image show a Feynman diagram(s)?
290,diff_ampli.jpg,What is the content of this image?
291,diff_ampli.jpg,Does this image show a Feynman diagram(s)?
292,virtualdiagram-crop.jpg,What is the content of this image?
293,virtualdiagram-crop.jpg,Does this image show a Feynman diagram(s)?
294,sterile.jpg,What is the content of this image?
295,sterile.jpg,Does this image show a Feynman diagram(s)?
296,Feynman_diagram_hyperon.jpg,What is the content of this image?
297,Feynman_diagram_hyperon.jpg,Does this image show a Feynman diagram(s)?
298,D3.jpg,What is the content of this image?
299,D3.jpg,Does this image show a Feynman diagram(s)?
300,M0Posebno.jpg,What is the content of this image?
301,M0Posebno.jpg,Does this image show a Feynman diagram(s)?
302,076.jpg,What is the content of this image?
303,076.jpg,Does this image show a Feynman diagram(s)?
304,ZpFeyn.jpg,What is the content of this image?
305,ZpFeyn.jpg,Does this image show a Feynman diagram(s)?
306,A_topology.jpg,What is the content of this image?
307,A_topology.jpg,Does this image show a Feynman diagram(s)?
308,diagram_zll.jpg,What is the content of this image?
309,diagram_zll.jpg,Does this image show a Feynman diagram(s)?
310,dis.jpg,What is the content of this image?
311,dis.jpg,Does this image show a Feynman diagram(s)?
312,TGC.jpg,What is the content of this image?
313,TGC.jpg,Does this image show a Feynman diagram(s)?
314,Stimemitgamma.jpg,What is the content of this image?
315,Stimemitgamma.jpg,Does this image show a Feynman diagram(s)?
316,VBFdiagram.jpg,What is the content of this image?
317,VBFdiagram.jpg,Does this image show a Feynman diagram(s)?
318,M1M2l1l2.jpg,What is the content of this image?
319,M1M2l1l2.jpg,Does this image show a Feynman diagram(s)?
320,lpm.jpg,What is the content of this image?
321,lpm.jpg,Does this image show a Feynman diagram(s)?
322,50_scattering_kinemat.jpg,What is the content of this image?
323,50_scattering_kinemat.jpg,Does this image show a Feynman diagram(s)?
324,Zprimeg.jpg,What is the content of this image?
325,Zprimeg.jpg,Does this image show a Feynman diagram(s)?
326,sneutrinoann.jpg,What is the content of this image?
327,sneutrinoann.jpg,Does this image show a Feynman diagram(s)?
328,vacuum-cherenkov-radiation.jpg,What is the content of this image?
329,vacuum-cherenkov-radiation.jpg,Does this image show a Feynman diagram(s)?
330,Unparticle.jpg,What is the content of this image?
331,Unparticle.jpg,Does this image show a Feynman diagram(s)?
332,Dark_Photon_Chit_t_phi_to_photons_semileptonic_decay_Update.jpg,What is the content of this image?
333,Dark_Photon_Chit_t_phi_to_photons_semileptonic_decay_Update.jpg,Does this image show a Feynman diagram(s)?
334,susy.jpg,What is the content of this image?
335,susy.jpg,Does this image show a Feynman diagram(s)?
336,0-order.jpg,What is the content of this image?
337,0-order.jpg,Does this image show a Feynman diagram(s)?
338,conversion-diagram.jpg,What is the content of this image?
339,conversion-diagram.jpg,Does this image show a Feynman diagram(s)?
340,ZDMDM.jpg,What is the content of this image?
341,ZDMDM.jpg,Does this image show a Feynman diagram(s)?
342,top.jpg,What is the content of this image?
343,top.jpg,Does this image show a Feynman diagram(s)?
344,top-prod-sm.jpg,What is the content of this image?
345,top-prod-sm.jpg,Does this image show a Feynman diagram(s)?
346,yetoHmNtoFS.jpg,What is the content of this image?
347,yetoHmNtoFS.jpg,Does this image show a Feynman diagram(s)?
348,sp2andhiggstoaa_paper.jpg,What is the content of this image?
349,sp2andhiggstoaa_paper.jpg,Does this image show a Feynman diagram(s)?
350,D_virtual2.jpg,What is the content of this image?
351,D_virtual2.jpg,Does this image show a Feynman diagram(s)?
352,1.jpg,What is the content of this image?
353,1.jpg,Does this image show a Feynman diagram(s)?
354,toppair1.jpg,What is the content of this image?
355,toppair1.jpg,Does this image show a Feynman diagram(s)?
356,current_diagrams.jpg,What is the content of this image?
357,current_diagrams.jpg,Does this image show a Feynman diagram(s)?
358,softfunction_diagrams.jpg,What is the content of this image?
359,softfunction_diagrams.jpg,Does this image show a Feynman diagram(s)?
360,loops.jpg,What is the content of this image?
361,loops.jpg,Does this image show a Feynman diagram(s)?
362,vacuumbasis5looptop.jpg,What is the content of this image?
363,vacuumbasis5looptop.jpg,Does this image show a Feynman diagram(s)?
364,WinoPion.jpg,What is the content of this image?
365,WinoPion.jpg,Does this image show a Feynman diagram(s)?
366,majorana_topologias.jpg,What is the content of this image?
367,majorana_topologias.jpg,Does this image show a Feynman diagram(s)?
368,63166Fig1.jpg,What is the content of this image?
369,63166Fig1.jpg,Does this image show a Feynman diagram(s)?
370,rad_pen.jpg,What is the content of this image?
371,rad_pen.jpg,Does this image show a Feynman diagram(s)?
372,Diaghdiphotons.jpg,What is the content of this image?
373,Diaghdiphotons.jpg,Does this image show a Feynman diagram(s)?
374,Uexpansion.jpg,What is the content of this image?
375,Uexpansion.jpg,Does this image show a Feynman diagram(s)?
376,Mainz-ISI-PLB-Fig1.jpg,What is the content of this image?
377,Mainz-ISI-PLB-Fig1.jpg,Does this image show a Feynman diagram(s)?
378,QSC-2l.jpg,What is the content of this image?
379,QSC-2l.jpg,Does this image show a Feynman diagram(s)?
380,softwebs.jpg,What is the content of this image?
381,softwebs.jpg,Does this image show a Feynman diagram(s)?
382,Rad-corr-1.jpg,What is the content of this image?
383,Rad-corr-1.jpg,Does this image show a Feynman diagram(s)?
384,T4Q.jpg,What is the content of this image?
385,T4Q.jpg,Does this image show a Feynman diagram(s)?
386,single-top-production.jpg,What is the content of this image?
387,single-top-production.jpg,Does this image show a Feynman diagram(s)?
388,triangle.jpg,What is the content of this image?
389,triangle.jpg,Does this image show a Feynman diagram(s)?
390,ups_em_decay.jpg,What is the content of this image?
391,ups_em_decay.jpg,Does this image show a Feynman diagram(s)?
392,diagrams_C78_de.jpg,What is the content of this image?
393,diagrams_C78_de.jpg,Does this image show a Feynman diagram(s)?
394,WZGraph.jpg,What is the content of this image?
395,WZGraph.jpg,Does this image show a Feynman diagram(s)?
396,ZZVdiagrams.jpg,What is the content of this image?
397,ZZVdiagrams.jpg,Does this image show a Feynman diagram(s)?
398,eett.jpg,What is the content of this image?
399,eett.jpg,Does this image show a Feynman diagram(s)?
400,74a.jpg,What is the content of this image?
401,74a.jpg,Does this image show a Feynman diagram(s)?
402,virtual.jpg,What is the content of this image?
403,virtual.jpg,Does this image show a Feynman diagram(s)?
404,dim6.jpg,What is the content of this image?
405,dim6.jpg,Does this image show a Feynman diagram(s)?
406,universe3.jpg,What is the content of this image?
407,universe3.jpg,Does this image show a Feynman diagram(s)?
408,w_flavourchange.jpg,What is the content of this image?
409,w_flavourchange.jpg,Does this image show a Feynman diagram(s)?
410,VanderDonckt_Muriel.fig2.jpg,What is the content of this image?
411,VanderDonckt_Muriel.fig2.jpg,Does this image show a Feynman diagram(s)?
412,LSZ.jpg,What is the content of this image?
413,LSZ.jpg,Does this image show a Feynman diagram(s)?
414,specific_portals.jpg,What is the content of this image?
415,specific_portals.jpg,Does this image show a Feynman diagram(s)?
416,MassModel2.jpg,What is the content of this image?
417,MassModel2.jpg,Does this image show a Feynman diagram(s)?
418,y.jpg,What is the content of this image?
419,y.jpg,Does this image show a Feynman diagram(s)?
420,wwaa.jpg,What is the content of this image?
421,wwaa.jpg,Does this image show a Feynman diagram(s)?
422,SM_feynman_diagram_NEW.jpg,What is the content of this image?
423,SM_feynman_diagram_NEW.jpg,Does this image show a Feynman diagram(s)?
424,YMphi3diagrams.jpg,What is the content of this image?
425,YMphi3diagrams.jpg,Does this image show a Feynman diagram(s)?
426,XXtobb1loop_feyndiag.jpg,What is the content of this image?
427,XXtobb1loop_feyndiag.jpg,Does this image show a Feynman diagram(s)?
428,diagram-1.jpg,What is the content of this image?
429,diagram-1.jpg,Does this image show a Feynman diagram(s)?
430,radiative.jpg,What is the content of this image?
431,radiative.jpg,Does this image show a Feynman diagram(s)?
432,feynman_ilc.jpg,What is the content of this image?
433,feynman_ilc.jpg,Does this image show a Feynman diagram(s)?
434,matching.jpg,What is the content of this image?
435,matching.jpg,Does this image show a Feynman diagram(s)?
436,loopfs.jpg,What is the content of this image?
437,loopfs.jpg,Does this image show a Feynman diagram(s)?
438,topology-2.jpg,What is the content of this image?
439,topology-2.jpg,Does this image show a Feynman diagram(s)?
440,DiagTmodel1.jpg,What is the content of this image?
441,DiagTmodel1.jpg,Does this image show a Feynman diagram(s)?
442,weak.jpg,What is the content of this image?
443,weak.jpg,Does this image show a Feynman diagram(s)?
444,Z_hadronic_decay_2.jpg,What is the content of this image?
445,Z_hadronic_decay_2.jpg,Does this image show a Feynman diagram(s)?
446,TreeDiagrams.jpg,What is the content of this image?
447,TreeDiagrams.jpg,Does this image show a Feynman diagram(s)?
448,ZprimeFeynRules_fermions.jpg,What is the content of this image?
449,ZprimeFeynRules_fermions.jpg,Does this image show a Feynman diagram(s)?
450,SketchDiagrams.jpg,What is the content of this image?
451,SketchDiagrams.jpg,Does this image show a Feynman diagram(s)?
452,SL.jpg,What is the content of this image?
453,SL.jpg,Does this image show a Feynman diagram(s)?
454,zorro_with_2loop_HTL.jpg,What is the content of this image?
455,zorro_with_2loop_HTL.jpg,Does this image show a Feynman diagram(s)?
456,Typetwoseesaw.jpg,What is the content of this image?
457,Typetwoseesaw.jpg,Does this image show a Feynman diagram(s)?
458,FeynmanGraphsETHZ.jpg,What is the content of this image?
459,FeynmanGraphsETHZ.jpg,Does this image show a Feynman diagram(s)?
460,feynqg1.jpg,What is the content of this image?
461,feynqg1.jpg,Does this image show a Feynman diagram(s)?
462,SingleTop_feynman.jpg,What is the content of this image?
463,SingleTop_feynman.jpg,Does this image show a Feynman diagram(s)?
464,zasas.jpg,What is the content of this image?
465,zasas.jpg,Does this image show a Feynman diagram(s)?
466,DiagramMuon.jpg,What is the content of this image?
467,DiagramMuon.jpg,Does this image show a Feynman diagram(s)?
468,dias_c3.jpg,What is the content of this image?
469,dias_c3.jpg,Does this image show a Feynman diagram(s)?
470,ZnnBG.jpg,What is the content of this image?
471,ZnnBG.jpg,Does this image show a Feynman diagram(s)?
472,Xg.jpg,What is the content of this image?
473,Xg.jpg,Does this image show a Feynman diagram(s)?
474,uv_model.jpg,What is the content of this image?
475,uv_model.jpg,Does this image show a Feynman diagram(s)?
476,timeintneutral_diagram.jpg,What is the content of this image?
477,timeintneutral_diagram.jpg,Does this image show a Feynman diagram(s)?
478,Macro2micro_figs_v2.jpg,What is the content of this image?
479,Macro2micro_figs_v2.jpg,Does this image show a Feynman diagram(s)?
480,syk24ladders.jpg,What is the content of this image?
481,syk24ladders.jpg,Does this image show a Feynman diagram(s)?
482,wfr.jpg,What is the content of this image?
483,wfr.jpg,Does this image show a Feynman diagram(s)?
484,radcorr.jpg,What is the content of this image?
485,radcorr.jpg,Does this image show a Feynman diagram(s)?
486,Contrac.jpg,What is the content of this image?
487,Contrac.jpg,Does this image show a Feynman diagram(s)?
488,zp70v3fig4.jpg,What is the content of this image?
489,zp70v3fig4.jpg,Does this image show a Feynman diagram(s)?
490,twodiagram_fig5.jpg,What is the content of this image?
491,twodiagram_fig5.jpg,Does this image show a Feynman diagram(s)?
492,ustch.jpg,What is the content of this image?
493,ustch.jpg,Does this image show a Feynman diagram(s)?
494,many-graphs.jpg,What is the content of this image?
495,many-graphs.jpg,Does this image show a Feynman diagram(s)?
496,feynman2.jpg,What is the content of this image?
497,feynman2.jpg,Does this image show a Feynman diagram(s)?
498,Feynman_diagrams_DD.jpg,What is the content of this image?
499,Feynman_diagrams_DD.jpg,Does this image show a Feynman diagram(s)?
500,diagrams_real.jpg,What is the content of this image?
501,diagrams_real.jpg,Does this image show a Feynman diagram(s)?
502,zzdiagram.jpg,What is the content of this image?
503,zzdiagram.jpg,Does this image show a Feynman diagram(s)?
504,MesonBdecay.jpg,What is the content of this image?
505,MesonBdecay.jpg,Does this image show a Feynman diagram(s)?
506,SingleCusto_graph.jpg,What is the content of this image?
507,SingleCusto_graph.jpg,Does this image show a Feynman diagram(s)?
508,wwbg.jpg,What is the content of this image?
509,wwbg.jpg,Does this image show a Feynman diagram(s)?
510,twoloopdiagrams.jpg,What is the content of this image?
511,twoloopdiagrams.jpg,Does this image show a Feynman diagram(s)?
512,feynmanfigure.jpg,What is the content of this image?
513,feynmanfigure.jpg,Does this image show a Feynman diagram(s)?
514,strong1.jpg,What is the content of this image?
515,strong1.jpg,Does this image show a Feynman diagram(s)?
516,Susc.jpg,What is the content of this image?
517,Susc.jpg,Does this image show a Feynman diagram(s)?
518,d1.jpg,What is the content of this image?
519,d1.jpg,Does this image show a Feynman diagram(s)?
520,zzz-2loop.jpg,What is the content of this image?
521,zzz-2loop.jpg,Does this image show a Feynman diagram(s)?
522,fig_1.jpg,What is the content of this image?
523,fig_1.jpg,Does this image show a Feynman diagram(s)?
524,1loopexpand.jpg,What is the content of this image?
525,1loopexpand.jpg,Does this image show a Feynman diagram(s)?
526,Wbbd.jpg,What is the content of this image?
527,Wbbd.jpg,Does this image show a Feynman diagram(s)?
528,Feynmandiags.jpg,What is the content of this image?
529,Feynmandiags.jpg,Does this image show a Feynman diagram(s)?
530,mesonmix.jpg,What is the content of this image?
531,mesonmix.jpg,Does this image show a Feynman diagram(s)?
532,XXff.jpg,What is the content of this image?
533,XXff.jpg,Does this image show a Feynman diagram(s)?
534,Diagram-3.jpg,What is the content of this image?
535,Diagram-3.jpg,Does this image show a Feynman diagram(s)?
536,Diagramme_Tensorstrom.jpg,What is the content of this image?
537,Diagramme_Tensorstrom.jpg,Does this image show a Feynman diagram(s)?
538,LP-Fig3.jpg,What is the content of this image?
539,LP-Fig3.jpg,Does this image show a Feynman diagram(s)?
540,zp70v3fig2.jpg,What is the content of this image?
541,zp70v3fig2.jpg,Does this image show a Feynman diagram(s)?
542,WMDMGDiagrams.jpg,What is the content of this image?
543,WMDMGDiagrams.jpg,Does this image show a Feynman diagram(s)?
544,sixVs.jpg,What is the content of this image?
545,sixVs.jpg,Does this image show a Feynman diagram(s)?
546,super-diags.jpg,What is the content of this image?
547,super-diags.jpg,Does this image show a Feynman diagram(s)?
548,SUSYEW.jpg,What is the content of this image?
549,SUSYEW.jpg,Does this image show a Feynman diagram(s)?
550,Y4630.jpg,What is the content of this image?
551,Y4630.jpg,Does this image show a Feynman diagram(s)?
552,ZZ1_and_2.jpg,What is the content of this image?
553,ZZ1_and_2.jpg,Does this image show a Feynman diagram(s)?
554,WW-feynman.jpg,What is the content of this image?
555,WW-feynman.jpg,Does this image show a Feynman diagram(s)?
556,1loop_umdm.jpg,What is the content of this image?
557,1loop_umdm.jpg,Does this image show a Feynman diagram(s)?
558,x1.jpg,What is the content of this image?
559,x1.jpg,Does this image show a Feynman diagram(s)?
560,1a.jpg,What is the content of this image?
561,1a.jpg,Does this image show a Feynman diagram(s)?
562,sloops.jpg,What is the content of this image?
563,sloops.jpg,Does this image show a Feynman diagram(s)?
564,Zhdiagrams.jpg,What is the content of this image?
565,Zhdiagrams.jpg,Does this image show a Feynman diagram(s)?
566,1loop_d_feynman_diagram.jpg,What is the content of this image?
567,1loop_d_feynman_diagram.jpg,Does this image show a Feynman diagram(s)?
568,LR-gauge-boxes.jpg,What is the content of this image?
569,LR-gauge-boxes.jpg,Does this image show a Feynman diagram(s)?
570,sub2ph2.jpg,What is the content of this image?
571,sub2ph2.jpg,Does this image show a Feynman diagram(s)?
572,singles.jpg,What is the content of this image?
573,singles.jpg,Does this image show a Feynman diagram(s)?
574,LQ_pair_production.jpg,What is the content of this image?
575,LQ_pair_production.jpg,Does this image show a Feynman diagram(s)?
576,top_pingos.jpg,What is the content of this image?
577,top_pingos.jpg,Does this image show a Feynman diagram(s)?
578,Ward_qqgg_inf_c.jpg,What is the content of this image?
579,Ward_qqgg_inf_c.jpg,Does this image show a Feynman diagram(s)?
580,stau2stau1h.jpg,What is the content of this image?
581,stau2stau1h.jpg,Does this image show a Feynman diagram(s)?
582,w2j.jpg,What is the content of this image?
583,w2j.jpg,Does this image show a Feynman diagram(s)?
584,zy1_decayed.jpg,What is the content of this image?
585,zy1_decayed.jpg,Does this image show a Feynman diagram(s)?
586,diagrams_graviton.jpg,What is the content of this image?
587,diagrams_graviton.jpg,Does this image show a Feynman diagram(s)?
588,Zhhdiagrams.jpg,What is the content of this image?
589,Zhhdiagrams.jpg,Does this image show a Feynman diagram(s)?
590,tbH-prod.jpg,What is the content of this image?
591,tbH-prod.jpg,Does this image show a Feynman diagram(s)?
592,cp_vert_loop_5d.jpg,What is the content of this image?
593,cp_vert_loop_5d.jpg,Does this image show a Feynman diagram(s)?
594,lsm03.jpg,What is the content of this image?
595,lsm03.jpg,Does this image show a Feynman diagram(s)?
