,name
0,diagram_1.png
1,diagram_10.png
2,diagram_100.png
3,diagram_101.png
4,diagram_102.png
5,diagram_103.png
6,diagram_104.png
7,diagram_105.png
8,diagram_106.png
9,diagram_107.png
10,diagram_108.png
11,diagram_109.png
12,diagram_11.png
13,diagram_110.png
14,diagram_111.png
15,diagram_112.png
16,diagram_113.png
17,diagram_114.png
18,diagram_115.png
19,diagram_116.png
20,diagram_117.png
21,diagram_118.png
22,diagram_119.png
23,diagram_12.png
24,diagram_120.png
25,diagram_121.png
26,diagram_122.png
27,diagram_123.png
28,diagram_124.png
29,diagram_125.png
30,diagram_126.png
31,diagram_127.png
32,diagram_128.png
33,diagram_129.png
34,diagram_13.png
35,diagram_130.png
36,diagram_131.png
37,diagram_132.png
38,diagram_133.png
39,diagram_134.png
40,diagram_135.png
41,diagram_136.png
42,diagram_137.png
43,diagram_138.png
44,diagram_139.png
45,diagram_14.png
46,diagram_140.png
47,diagram_141.png
48,diagram_142.png
49,diagram_143.png
50,diagram_144.png
51,diagram_145.png
52,diagram_146.png
53,diagram_147.png
54,diagram_148.png
55,diagram_149.png
56,diagram_15.png
57,diagram_150.png
58,diagram_151.png
59,diagram_152.png
60,diagram_153.png
61,diagram_154.png
62,diagram_155.png
63,diagram_156.png
64,diagram_157.png
65,diagram_158.png
66,diagram_159.png
67,diagram_16.png
68,diagram_160.png
69,diagram_161.png
70,diagram_162.png
71,diagram_163.png
72,diagram_164.png
73,diagram_165.png
74,diagram_166.png
75,diagram_167.png
76,diagram_168.png
77,diagram_169.png
78,diagram_170.png
79,diagram_171.png
80,diagram_172.png
81,diagram_173.png
82,diagram_174.png
83,diagram_175.png
84,diagram_176.png
85,diagram_177.png
86,diagram_178.png
87,diagram_179.png
88,diagram_18.png
89,diagram_180.png
90,diagram_181.png
91,diagram_182.png
92,diagram_183.png
93,diagram_184.png
94,diagram_185.png
95,diagram_186.png
96,diagram_187.png
97,diagram_188.png
98,diagram_189.png
99,diagram_19.png
100,diagram_190.png
101,diagram_191.png
102,diagram_192.png
103,diagram_193.png
104,diagram_194.png
105,diagram_195.png
106,diagram_196.png
107,diagram_197.png
108,diagram_198.png
109,diagram_199.png
110,diagram_2.png
111,diagram_20.png
112,diagram_200.png
113,diagram_201.png
114,diagram_202.png
115,diagram_203.png
116,diagram_204.png
117,diagram_205.png
118,diagram_206.png
119,diagram_207.png
120,diagram_208.png
121,diagram_209.png
122,diagram_21.png
123,diagram_210.png
124,diagram_211.png
125,diagram_212.png
126,diagram_213.png
127,diagram_214.png
128,diagram_215.png
129,diagram_216.png
130,diagram_217.png
131,diagram_218.png
132,diagram_219.png
133,diagram_22.png
134,diagram_220.png
135,diagram_221.png
136,diagram_222.png
137,diagram_223.png
138,diagram_224.png
139,diagram_225.png
140,diagram_226.png
141,diagram_227.png
142,diagram_228.png
143,diagram_229.png
144,diagram_23.png
145,diagram_230.png
146,diagram_231.png
147,diagram_232.png
148,diagram_233.png
149,diagram_234.png
150,diagram_235.png
151,diagram_236.png
152,diagram_237.png
153,diagram_238.png
154,diagram_239.png
155,diagram_24.png
156,diagram_240.png
157,diagram_241.png
158,diagram_242.png
159,diagram_243.png
160,diagram_244.png
161,diagram_245.png
162,diagram_246.png
163,diagram_247.png
164,diagram_248.png
165,diagram_249.png
166,diagram_25.png
167,diagram_250.png
168,diagram_251.png
169,diagram_252.png
170,diagram_253.png
171,diagram_254.png
172,diagram_255.png
173,diagram_256.png
174,diagram_257.png
175,diagram_258.png
176,diagram_259.png
177,diagram_26.png
178,diagram_260.png
179,diagram_261.png
180,diagram_262.png
181,diagram_263.png
182,diagram_264.png
183,diagram_265.png
184,diagram_266.png
185,diagram_267.png
186,diagram_268.png
187,diagram_269.png
188,diagram_27.png
189,diagram_270.png
190,diagram_271.png
191,diagram_272.png
192,diagram_273.png
193,diagram_274.png
194,diagram_275.png
195,diagram_276.png
196,diagram_277.png
197,diagram_278.png
198,diagram_279.png
199,diagram_28.png
200,diagram_280.png
201,diagram_281.png
202,diagram_282.png
203,diagram_283.png
204,diagram_284.png
205,diagram_285.png
206,diagram_286.png
207,diagram_287.png
208,diagram_288.png
209,diagram_289.png
210,diagram_29.png
211,diagram_290.png
212,diagram_291.png
213,diagram_292.png
214,diagram_293.png
215,diagram_294.png
216,diagram_295.png
217,diagram_296.png
218,diagram_297.png
219,diagram_298.png
220,diagram_299.png
221,diagram_3.png
222,diagram_30.png
223,diagram_300.png
224,diagram_301.png
225,diagram_302.png
226,diagram_303.png
227,diagram_304.png
228,diagram_305.png
229,diagram_306.png
230,diagram_307.png
231,diagram_308.png
232,diagram_309.png
233,diagram_31.png
234,diagram_310.png
235,diagram_311.png
236,diagram_312.png
237,diagram_313.png
238,diagram_314.png
239,diagram_315.png
240,diagram_316.png
241,diagram_317.png
242,diagram_318.png
243,diagram_319.png
244,diagram_32.png
245,diagram_320.png
246,diagram_321.png
247,diagram_322.png
248,diagram_323.png
249,diagram_33.png
250,diagram_34.png
251,diagram_35.png
252,diagram_36.png
253,diagram_37.png
254,diagram_38.png
255,diagram_39.png
256,diagram_4.png
257,diagram_40.png
258,diagram_41.png
259,diagram_42.png
260,diagram_43.png
261,diagram_44.png
262,diagram_45.png
263,diagram_46.png
264,diagram_47.png
265,diagram_48.png
266,diagram_49.png
267,diagram_5.png
268,diagram_50.png
269,diagram_51.png
270,diagram_52.png
271,diagram_53.png
272,diagram_54.png
273,diagram_55.png
274,diagram_56.png
275,diagram_57.png
276,diagram_58.png
277,diagram_59.png
278,diagram_6.png
279,diagram_60.png
280,diagram_61.png
281,diagram_62.png
282,diagram_63.png
283,diagram_64.png
284,diagram_65.png
285,diagram_66.png
286,diagram_67.png
287,diagram_68.png
288,diagram_69.png
289,diagram_7.png
290,diagram_70.png
291,diagram_71.png
292,diagram_72.png
293,diagram_73.png
294,diagram_74.png
295,diagram_75.png
296,diagram_76.png
297,diagram_77.png
298,diagram_78.png
299,diagram_79.png
300,diagram_8.png
301,diagram_80.png
302,diagram_81.png
303,diagram_82.png
304,diagram_83.png
305,diagram_84.png
306,diagram_85.png
307,diagram_86.png
308,diagram_87.png
309,diagram_88.png
310,diagram_89.png
311,diagram_9.png
312,diagram_90.png
313,diagram_91.png
314,diagram_92.png
315,diagram_93.png
316,diagram_94.png
317,diagram_95.png
318,diagram_96.png
319,diagram_97.png
320,diagram_98.png
321,diagram_99.png
